ticker,sentiment_mean,ticker_sent_mean,article_count,ai_innovation,collaboration,leadership,regulation,litigation,date,sentiment_score,prediction,probability,close,daily_return
AAPL,0.19558524,0.25467572,50,11,6,8,5,3,2026-07-16,59.8,1,0.598,330.51,0.00919
ADBE,0.1973162,0.1868401,50,11,3,9,0,2,2026-07-16,59.9,1,0.599,226.72,0.00962
AI,-0.10298256,-0.10904154,50,35,5,4,0,6,2026-07-16,44.9,0,0.449,8.98,-0.01751
AMD,0.1785188399999999,0.18763814,50,24,4,3,3,0,2026-07-16,58.9,1,0.589,507.49,-0.04092
AMZN,0.18929428,0.18426498,50,24,7,6,1,2,2026-07-16,59.5,1,0.595,255.48,0.00204
CRM,0.15283124,0.1650794,50,19,12,5,1,2,2026-07-16,57.6,1,0.576,169.43,0.01452
GOOGL,0.2077601599999999,0.19703732,50,21,3,6,3,0,2026-07-16,60.4,1,0.604,371.73,0.00218
IBM,0.10031234,-0.0982424,50,26,4,2,2,3,2026-07-16,55.0,1,0.55,213.28,0.00985
INTC,0.20132942,0.15579992,50,36,4,1,0,1,2026-07-16,60.1,1,0.601,98.59,-0.04275
META,0.17231828,0.190197,50,18,1,9,2,2,2026-07-16,58.6,1,0.586,675.05,-0.00919
MSFT,0.1529916399999999,0.1360636,50,24,1,6,2,7,2026-07-16,57.6,1,0.576,398.7,0.00776
NVDA,0.29207458,0.32738548,50,27,5,3,1,1,2026-07-16,64.6,1,0.646,206.4,-0.02871
ORCL,0.0920666,0.06493406,50,35,1,5,0,2,2026-07-16,54.6,1,0.546,126.62,-0.04427
PLTR,0.15092654,0.14102212,50,14,11,5,0,0,2026-07-16,57.5,1,0.575,132.27,-0.01114
TSLA,0.1046189,0.09532484,50,9,3,13,5,0,2026-07-16,55.2,1,0.552,392.98,-0.00375
TSM,0.2629847,0.31376486,50,50,0,0,0,0,2026-07-16,63.1,1,0.631,410.86,-0.02055
AAPL,0.09037206,0.19201836,50,12,3,8,2,2,2026-07-17,54.5,1,0.545,333.16,-0.0003
ADBE,0.20107096,0.1889292,50,13,3,10,0,2,2026-07-17,60.1,1,0.601,235.49,0.00079
AI,-0.0927606,-0.09836054,50,37,4,4,0,5,2026-07-17,45.4,0,0.454,8.83,-0.00898
AMD,0.19024526,0.20839654,50,23,5,3,2,0,2026-07-17,59.5,1,0.595,484.23,-0.03337
AMZN,0.1644639,0.157556,50,13,6,7,1,0,2026-07-17,58.2,1,0.582,248.76,-0.00452
CRM,0.15296748,0.13986626,50,14,16,5,1,1,2026-07-17,57.6,1,0.576,171.27,-0.00817
GOOGL,0.14539084,0.12295238,50,23,7,4,4,0,2026-07-17,57.3,1,0.573,345.55,-0.02514
IBM,0.0954844,-0.0231652399999999,50,21,8,3,2,0,2026-07-17,54.8,1,0.548,213.94,-0.02333
INTC,0.175593,0.13024122,50,33,4,1,1,0,2026-07-17,58.8,1,0.588,92.89,-0.04217
META,0.12755824,0.14257914,50,16,0,10,2,2,2026-07-17,56.4,1,0.564,628.14,-0.05478
MSFT,0.1950963799999999,0.1924787999999999,50,7,21,10,0,0,2026-07-17,59.8,1,0.598,391.8,-0.0232
NVDA,0.11404132,0.10390594,50,24,6,5,1,0,2026-07-17,55.7,1,0.557,202.62,-0.02302
ORCL,0.096771,0.07997184,50,35,1,5,1,1,2026-07-17,54.8,1,0.548,125.46,0.0101
PLTR,0.15897786,0.15314952,50,17,9,4,0,0,2026-07-17,57.9,1,0.579,132.1,-0.01741
TSLA,0.06453424,-0.03139706,50,5,3,11,3,1,2026-07-17,53.2,1,0.532,380.02,-0.02824
TSM,0.26411552,0.31484774,50,50,0,0,0,0,2026-07-17,63.2,1,0.632,396.65,-0.03195
AAPL,0.1590273,0.19163312,50,17,5,13,1,2,2026-07-20,58.0,1,0.58,325.83,-0.02369
ADBE,0.19475444,0.1919666,50,11,3,11,0,1,2026-07-20,59.7,1,0.597,231.26,-0.02527
AI,-0.04769446,-0.04904222,50,36,4,4,0,6,2026-07-20,47.6,0,0.476,8.54,-0.03175
AMD,0.18136972,0.19796384,50,34,4,2,1,0,2026-07-20,59.1,1,0.591,512.96,0.03469
AMZN,0.17513954,0.18754266,50,18,15,4,0,0,2026-07-20,58.8,1,0.588,251.64,0.01784
CRM,0.17643828,0.1936031,50,18,17,0,0,2,2026-07-20,58.8,1,0.588,170.89,0.0007
GOOGL,0.15142542,0.15276144,50,29,5,4,2,1,2026-07-20,57.6,1,0.576,357.46,0.03084
IBM,0.11050452,0.041176,50,24,10,2,0,0,2026-07-20,55.5,1,0.555,211.04,-0.00766
INTC,0.1047335,0.08865372,50,30,3,2,2,0,2026-07-20,55.2,1,0.552,98.43,0.03568
META,0.08586782,0.0893773799999999,50,17,3,9,0,0,2026-07-20,54.3,1,0.543,648.35,0.00362
MSFT,0.1453772,0.15498964,50,26,4,6,1,5,2026-07-20,57.3,1,0.573,397.63,0.00967
NVDA,0.20118608,0.19619888,50,33,7,5,1,0,2026-07-20,60.1,1,0.601,206.12,0.01635
ORCL,0.1032411199999999,0.05119368,50,30,2,4,1,1,2026-07-20,55.2,1,0.552,122.22,-0.03317
PLTR,0.09615852,0.10422738,50,10,7,11,0,0,2026-07-20,54.8,1,0.548,133.34,0.00729
TSLA,0.06576974,0.0197905,50,8,10,10,3,0,2026-07-20,53.3,1,0.533,373.17,-0.02015
TSM,0.25567234,0.3192189,50,48,1,0,1,0,2026-07-20,62.8,1,0.628,404.75,0.01602
AAPL,0.1438728,0.11527944,50,19,2,9,3,2,2026-07-21,57.2,1,0.572,328.33,0.00531
ADBE,0.12015646,0.09210378,50,10,2,11,0,1,2026-07-21,56.0,1,0.56,228.2,-0.02786
AI,-0.04799782,-0.0517449799999999,50,36,4,4,0,6,2026-07-21,47.6,0,0.476,8.82,0.02497
AMD,0.23489034,0.22614944,50,37,4,2,1,0,2026-07-21,61.7,1,0.617,534.73,0.06188
AMZN,0.17911836,0.16006818,50,19,11,2,1,1,2026-07-21,59.0,1,0.59,247.9,-0.00836
CRM,0.1451249,0.14024586,50,23,14,0,0,0,2026-07-21,57.3,1,0.573,169.81,-0.0229
GOOGL,0.13086164,0.143035,50,29,4,1,0,2,2026-07-21,56.5,1,0.565,347.88,-0.01168
IBM,0.04889178,-0.03132564,50,22,9,2,0,1,2026-07-21,52.4,1,0.524,210.49,-0.01181
INTC,0.1659756399999999,0.18375772,50,30,4,3,1,0,2026-07-21,58.3,1,0.583,104.2,0.07359
META,0.1469921,0.15692468,50,28,3,7,1,0,2026-07-21,57.3,1,0.573,647.51,0.00257
MSFT,0.08905446,0.12919682,50,32,1,3,0,5,2026-07-21,54.5,1,0.545,398.55,-0.00928
NVDA,0.2163298,0.25786266,50,32,3,4,1,1,2026-07-21,60.8,1,0.608,206.56,0.01614
ORCL,0.01444416,-0.0632139,50,33,3,0,1,1,2026-07-21,50.7,1,0.507,125.22,0.0316
PLTR,0.08441718,0.08913468,50,9,5,11,0,0,2026-07-21,54.2,1,0.542,133.13,-0.01275
TSLA,0.0916236999999999,0.02507072,50,18,4,7,2,0,2026-07-21,54.6,1,0.546,381.74,0.03294
TSM,0.2741012,0.32393236,50,48,1,0,1,0,2026-07-21,63.7,1,0.637,421.29,0.04719
AAPL,0.18886458,0.12367032,50,13,6,4,1,7,2026-07-22,59.4,1,0.594,325.25,-0.0076
ADBE,0.0651037,0.03296548,50,13,6,9,0,1,2026-07-22,53.3,1,0.533,222.08,-0.02236
AI,-0.04437372,-0.05000266,50,37,4,3,0,6,2026-07-22,47.8,0,0.478,8.35,-0.02852
AMD,0.2446491599999999,0.20523636,50,35,6,1,1,0,2026-07-22,62.2,1,0.622,556.0,0.02125
AMZN,0.1781918599999999,0.17232644,50,20,11,3,1,0,2026-07-22,58.9,1,0.589,243.77,-0.01527
CRM,0.11263184,0.10587826,50,21,15,2,1,0,2026-07-22,55.6,1,0.556,165.65,-0.02593
GOOGL,0.1900721,0.17889454,50,22,7,3,0,2,2026-07-22,59.5,1,0.595,347.69,0.00156
IBM,0.0842599,-0.0011598,50,23,6,3,0,3,2026-07-22,54.2,1,0.542,210.29,-0.00097
INTC,0.2280839,0.1774202,50,27,15,1,1,0,2026-07-22,61.4,1,0.614,106.7,0.01185
META,0.19961558,0.19764782,50,31,4,5,1,1,2026-07-22,60.0,1,0.6,629.21,-0.02268
MSFT,0.18071546,0.1648770199999999,50,27,7,5,1,2,2026-07-22,59.0,1,0.59,389.72,-0.02019
NVDA,0.24329514,0.26692804,50,30,8,0,0,0,2026-07-22,62.2,1,0.622,212.54,0.0253
ORCL,0.07394934,-0.0475351,50,32,3,0,0,1,2026-07-22,53.7,1,0.537,126.52,-0.00417
PLTR,0.097067,0.09865692,50,10,5,10,0,0,2026-07-22,54.9,1,0.549,126.79,-0.04425
TSLA,0.14046598,0.10580452,50,18,3,3,4,1,2026-07-22,57.0,1,0.57,378.22,-0.00187
TSM,0.27676182,0.34152492,50,48,1,0,1,0,2026-07-22,63.8,1,0.638,423.78,-0.00195
AAPL,0.2082022999999999,0.17848222,50,20,2,5,2,1,2026-07-23,60.4,1,0.604,320.72,-0.01586
ADBE,0.0270068599999999,-0.01607318,50,14,9,3,0,0,2026-07-23,51.4,1,0.514,212.86,-0.02519
AI,-0.0462674999999999,-0.04972968,50,37,4,3,0,6,2026-07-23,47.7,0,0.477,7.95,-0.02935
AMD,0.2485722799999999,0.2333671,50,34,7,2,0,0,2026-07-23,62.4,1,0.624,538.49,-0.02506
AMZN,0.1096613,0.09671844,50,24,10,5,3,0,2026-07-23,55.5,1,0.555,232.63,-0.04992
CRM,0.04691952,0.03098026,50,22,15,3,2,0,2026-07-23,52.3,1,0.523,155.79,-0.04423
GOOGL,0.07280738,0.09463312,50,26,4,2,4,1,2026-07-23,53.6,1,0.536,318.73,-0.06829
IBM,0.1273738,0.10467452,50,19,5,6,1,0,2026-07-23,56.4,1,0.564,206.54,0.00374
INTC,0.1977496,0.11327992,50,29,16,1,0,0,2026-07-23,59.9,1,0.599,100.61,-0.01964
META,0.16055582,0.1508373,50,32,3,1,1,2,2026-07-23,58.0,1,0.58,598.07,-0.0464
MSFT,0.0497145,0.04673186,50,17,9,6,2,5,2026-07-23,52.5,1,0.525,378.24,-0.031
NVDA,0.22402642,0.2249387,50,33,8,2,0,0,2026-07-23,61.2,1,0.612,207.46,-0.02169
ORCL,0.04444756,-0.05373196,50,32,3,1,0,1,2026-07-23,52.2,1,0.522,120.05,-0.04601
PLTR,0.06136506,0.0738227,50,9,3,8,1,0,2026-07-23,53.1,1,0.531,121.22,-0.02691
TSLA,0.01345978,-0.06241802,50,14,4,10,2,1,2026-07-23,50.7,1,0.507,322.25,-0.13839
TSM,0.27179134,0.33592478,50,48,1,0,1,0,2026-07-23,63.6,1,0.636,413.47,-0.01838
AAPL,0.1666569399999999,0.19702482,50,11,8,7,3,1,2026-07-24,58.3,1,0.583,331.34,0.03009
ADBE,0.06535018,0.0250070399999999,50,16,10,3,0,0,2026-07-24,53.3,1,0.533,223.84,0.055
AI,-0.04684074,-0.05162648,50,37,4,3,0,6,2026-07-24,47.7,0,0.477,8.26,0.01288
AMD,0.25202482,0.24901898,50,28,6,3,1,0,2026-07-24,62.6,1,0.626,531.89,-0.01445
AMZN,0.05374088,0.04136732,50,24,4,2,3,1,2026-07-24,52.7,1,0.527,233.02,-0.00274
CRM,0.0776033,0.0334588,50,20,17,1,2,0,2026-07-24,53.9,1,0.539,163.65,0.04285
GOOGL,0.01249752,-0.00122444,50,19,6,4,4,0,2026-07-24,50.6,1,0.506,319.9,0.00696
IBM,0.0798945799999999,0.0641443,50,22,9,4,0,0,2026-07-24,54.0,1,0.54,214.92,0.04002
INTC,0.18142828,0.20645638,50,30,4,3,1,0,2026-07-24,59.1,1,0.591,97.12,-0.03098
META,0.09619136,0.0870030399999999,50,33,4,1,0,1,2026-07-24,54.8,1,0.548,607.84,0.00287
MSFT,0.10270778,0.09419544,50,23,11,3,1,1,2026-07-24,55.1,1,0.551,385.33,0.00984
NVDA,0.23802972,0.23703252,50,25,12,5,0,0,2026-07-24,61.9,1,0.619,209.81,0.00503
ORCL,0.08281708,-0.01958482,50,30,5,1,1,1,2026-07-24,54.1,1,0.541,118.18,-0.01545
PLTR,0.0819730799999999,0.0673513,50,9,4,5,1,0,2026-07-24,54.1,1,0.541,123.88,0.00413
TSLA,-0.06007778,-0.1620195,50,16,5,5,1,1,2026-07-24,47.0,0,0.47,308.82,-0.03402
TSM,0.26504732,0.33298042,50,48,1,0,1,0,2026-07-24,63.3,1,0.633,407.03,-0.02057
AAPL,0.21653328,0.26512606,50,6,21,7,0,0,2026-07-27,60.8,1,0.608,337.11,0.01228
ADBE,0.09460984,0.07552132,50,14,10,1,0,0,2026-07-27,54.7,1,0.547,238.29,0.05855
AI,-0.04526056,-0.05379096,50,37,4,4,0,5,2026-07-27,47.7,0,0.477,8.69,0.06687
AMD,0.1708775599999999,0.1602100199999999,50,24,12,3,0,0,2026-07-27,58.5,1,0.585,484.36,-0.07201
AMZN,0.13171166,0.11615912,50,10,7,4,0,2,2026-07-27,56.6,1,0.566,231.8,-0.00134
CRM,0.20582436,0.19444326,50,4,12,4,0,0,2026-07-27,60.3,1,0.603,174.03,0.06336
GOOGL,0.16515426,0.12535906,50,15,14,3,2,0,2026-07-27,58.3,1,0.583,328.78,0.02827
IBM,0.10705404,0.07818258,50,17,14,3,2,1,2026-07-27,55.4,1,0.554,216.09,0.00887
INTC,0.11738396,0.10981218,50,26,10,4,2,1,2026-07-27,55.9,1,0.559,89.57,-0.02979
META,0.1700621,0.14400142,50,15,6,3,0,1,2026-07-27,58.5,1,0.585,601.12,0.00996
MSFT,0.19914112,0.19518104,50,24,11,1,0,1,2026-07-27,60.0,1,0.6,390.36,0.02269
NVDA,0.2428177,0.2293026,50,29,9,5,0,0,2026-07-27,62.1,1,0.621,197.68,-0.04428
ORCL,0.10979328,0.08553084,50,19,14,2,1,0,2026-07-27,55.5,1,0.555,119.08,0.03557
PLTR,0.1493753599999999,0.13033016,50,8,17,3,3,0,2026-07-27,57.5,1,0.575,129.53,0.05377
TSLA,0.04019712,-0.05150482,50,12,10,7,2,1,2026-07-27,52.0,1,0.52,308.78,-0.01358
TSM,0.27746366,0.3459847,50,48,1,0,1,0,2026-07-27,63.9,1,0.639,394.89,-0.02113
AAPL,0.15817198,0.2283594199999999,50,22,10,4,1,1,2026-07-28,57.9,1,0.579,339.77,0.00849
ADBE,0.18755092,0.2019394799999999,50,14,8,1,0,0,2026-07-28,59.4,1,0.594,250.7,0.05447
AI,-0.0396603,-0.05357234,50,37,4,4,0,5,2026-07-28,48.0,0,0.48,9.09,0.03082
AMD,0.1746959199999999,0.17974322,50,23,8,6,0,0,2026-07-28,58.7,1,0.587,463.56,-0.06342
AMZN,0.1310722,0.14173886,50,22,11,1,1,4,2026-07-28,56.6,1,0.566,231.26,-0.00056
CRM,0.21611784,0.1932281599999999,50,15,8,1,0,0,2026-07-28,60.8,1,0.608,181.79,0.04718
GOOGL,0.1640490399999999,0.12670496,50,27,7,1,0,1,2026-07-28,58.2,1,0.582,333.34,0.02076
IBM,0.15733828,0.1113597599999999,50,18,14,2,2,1,2026-07-28,57.9,1,0.579,224.38,0.03745
INTC,0.17380726,0.1400324,50,40,3,2,1,1,2026-07-28,58.7,1,0.587,87.48,-0.04568
META,0.1351094,0.10608582,50,18,7,2,0,1,2026-07-28,56.8,1,0.568,594.58,0.0012
MSFT,0.1733160399999999,0.1711300999999999,50,33,3,2,0,4,2026-07-28,58.7,1,0.587,397.62,0.0219
NVDA,0.2094247,0.20252476,50,28,4,4,0,2,2026-07-28,60.5,1,0.605,198.31,0.00916
ORCL,0.10808208,0.1081109599999999,50,17,14,3,1,1,2026-07-28,55.4,1,0.554,119.94,0.00033
PLTR,0.13612154,0.1768191399999999,50,3,20,3,0,0,2026-07-28,56.8,1,0.568,124.04,-0.05695
TSLA,0.09048708,0.01274378,50,15,8,7,2,0,2026-07-28,54.5,1,0.545,308.65,-0.00184
TSM,0.27630944,0.3617087,50,48,1,0,1,0,2026-07-28,63.8,1,0.638,392.76,-0.01586
AAPL,0.21175178,0.22586964,50,13,15,3,2,1,2026-07-29,60.6,1,0.606,340.49,0.01064
ADBE,0.23391556,0.248187,50,13,7,2,0,0,2026-07-29,61.7,1,0.617,263.3,0.10744
AI,-0.0385033,-0.04334382,50,38,4,4,0,4,2026-07-29,48.1,0,0.481,8.91,0.0102
AMD,0.19497458,0.22648922,50,3,32,5,0,0,2026-07-29,59.7,1,0.597,429.61,-0.13201
AMZN,0.1409279,0.12321546,50,24,6,3,1,2,2026-07-29,57.0,1,0.57,228.25,-0.01357
CRM,0.1767774,0.1828667199999999,50,18,7,1,0,0,2026-07-29,58.8,1,0.588,187.68,0.08111
GOOGL,0.1703521399999999,0.1397466,50,26,8,4,3,0,2026-07-29,58.5,1,0.585,333.66,0.02175
IBM,0.16718822,0.1288408399999999,50,20,12,3,2,2,2026-07-29,58.4,1,0.584,225.79,0.04398
INTC,0.0905255,0.06405884,50,37,2,4,1,0,2026-07-29,54.5,1,0.545,83.07,-0.09387
META,0.13857084,0.08678046,50,21,10,2,1,1,2026-07-29,56.9,1,0.569,590.8,-0.00516
MSFT,0.14151708,0.12310608,50,24,6,6,2,2,2026-07-29,57.1,1,0.571,394.65,0.01426
NVDA,0.20105326,0.2036838,50,16,10,3,3,0,2026-07-29,60.1,1,0.601,192.1,-0.02242
ORCL,0.1430513,0.1507228,50,20,13,2,1,1,2026-07-29,57.2,1,0.572,117.24,-0.02219
PLTR,0.1608442,0.1525543399999999,50,12,8,2,2,0,2026-07-29,58.0,1,0.58,124.83,-0.05094
TSLA,0.12309426,-0.0071764799999999,50,15,9,6,3,1,2026-07-29,56.2,1,0.562,303.08,-0.01984
TSM,0.2528497799999999,0.315197,50,48,1,0,1,0,2026-07-29,62.6,1,0.626,376.01,-0.05784
AAPL,0.0996102999999999,0.08226852,50,8,7,7,7,0,2026-07-30,55.0,1,0.55,331.64,-0.01938
ADBE,0.25121268,0.26073748,50,14,6,2,0,0,2026-07-30,62.6,1,0.626,246.14,-0.06563
AI,-0.0374254,-0.04555526,50,38,4,4,0,4,2026-07-30,48.1,0,0.481,8.87,0.00273
AMD,0.19542918,0.23884264,50,7,32,5,0,0,2026-07-30,59.8,1,0.598,482.95,0.12429
AMZN,0.2004978399999999,0.19081684,50,20,2,4,0,1,2026-07-30,60.0,1,0.6,237.34,0.04717
CRM,0.203303,0.18553254,50,20,6,2,0,1,2026-07-30,60.2,1,0.602,179.04,-0.04958
GOOGL,0.1814815399999999,0.1244134599999999,50,13,20,6,0,1,2026-07-30,59.1,1,0.591,331.92,-0.01423
IBM,0.20910894,0.17586364,50,21,7,5,2,3,2026-07-30,60.5,1,0.605,221.65,-0.02115
INTC,0.08956214,0.039849,50,34,4,3,1,0,2026-07-30,54.5,1,0.545,92.12,0.12506
META,0.08993746,-0.01939494,50,19,6,1,1,1,2026-07-30,54.5,1,0.545,532.67,-0.0904
MSFT,0.20629372,0.25806966,50,23,5,3,1,3,2026-07-30,60.3,1,0.603,448.06,0.14728
NVDA,0.17366156,0.1942407199999999,50,26,8,5,1,0,2026-07-30,58.7,1,0.587,193.0,0.01574
ORCL,0.13150208,0.11114522,50,24,7,4,1,3,2026-07-30,56.6,1,0.566,125.33,0.06446
PLTR,0.18394926,0.1454098,50,10,11,2,3,0,2026-07-30,59.2,1,0.592,121.29,-0.0139
TSLA,0.11127856,-0.02066442,50,12,13,5,5,2,2026-07-30,55.6,1,0.556,305.2,0.02306
TSM,0.24379678,0.3208639399999999,50,48,1,0,1,0,2026-07-30,62.2,1,0.622,400.03,0.06769
AAPL,0.14332634,0.0548643,50,17,10,5,4,0,2026-07-31,57.2,1,0.572,300.86,-0.09768
ADBE,0.23496296,0.24299012,50,14,7,3,0,0,2026-07-31,61.7,1,0.617,247.77,-0.00052
AI,-0.03966022,-0.04543342,50,38,4,4,0,4,2026-07-31,48.0,0,0.48,9.19,0.01268
AMD,0.2120688399999999,0.24509302,50,6,28,7,0,0,2026-07-31,60.6,1,0.606,488.7,0.00682
AMZN,0.20357132,0.25049178,50,20,8,4,1,2,2026-07-31,60.2,1,0.602,268.6,0.14053
CRM,0.14898078,0.13657638,50,22,5,1,0,2,2026-07-31,57.4,1,0.574,182.44,0.00957
GOOGL,0.2040369799999999,0.17749274,50,19,18,2,3,2,2026-07-31,60.2,1,0.602,351.83,0.05447
IBM,0.13216498,0.1176224,50,17,10,6,2,3,2026-07-31,56.6,1,0.566,220.12,-0.00731
INTC,0.0904886199999999,0.0776317,50,33,3,3,1,0,2026-07-31,54.5,1,0.545,91.96,0.00911
META,0.15901602,0.02249702,50,18,10,7,3,2,2026-07-31,58.0,1,0.58,546.22,0.01335
MSFT,0.2093151999999999,0.23608736,50,15,21,7,2,0,2026-07-31,60.5,1,0.605,461.51,0.02308
NVDA,0.23595122,0.25425352,50,28,12,4,0,0,2026-07-31,61.8,1,0.618,196.2,0.00595
ORCL,0.18172062,0.16337596,50,23,3,6,2,3,2026-07-31,59.1,1,0.591,127.2,-0.00282
PLTR,0.19622228,0.14882428,50,18,10,6,2,0,2026-07-31,59.8,1,0.598,121.62,-0.00523
TSLA,0.11810186,0.0383293399999999,50,15,9,6,7,1,2026-07-31,55.9,1,0.559,306.81,-0.00661
TSM,0.22599628,0.3081054199999999,50,48,1,0,1,0,2026-07-31,61.3,1,0.613,405.53,0.0055
AAPL,0.14191172,0.10529666,50,8,10,15,0,0,2026-08-03,57.1,1,0.571,304.08,-0.01565
ADBE,0.20156174,0.21778228,50,13,6,3,2,0,2026-08-03,60.1,1,0.601,253.69,0.0131
AI,-0.04007496,-0.04635308,50,38,4,4,0,4,2026-08-03,48.0,0,0.48,9.64,0.04956
AMD,0.2220731199999999,0.24025862,50,15,23,7,0,0,2026-08-03,61.1,1,0.611,481.2,0.01061
AMZN,0.20376866,0.2400542,50,22,7,3,1,2,2026-08-03,60.2,1,0.602,284.81,0.04871
CRM,0.17255524,0.15261134,50,20,12,2,0,2,2026-08-03,58.6,1,0.586,188.59,0.02483
GOOGL,0.21660734,0.19065946,50,20,10,9,0,0,2026-08-03,60.8,1,0.608,375.0,0.05299
IBM,0.1261265,0.10506378,50,13,14,8,2,1,2026-08-03,56.3,1,0.563,226.83,0.01422
INTC,0.13287008,0.1409277,50,35,6,3,0,0,2026-08-03,56.6,1,0.566,90.47,0.00299
META,0.11083952,0.0867666,50,26,6,3,2,0,2026-08-03,55.5,1,0.555,592.45,0.0642
MSFT,0.22567564,0.23238626,50,23,10,4,0,2,2026-08-03,61.3,1,0.613,486.62,0.04713
NVDA,0.21991006,0.22605982,50,20,11,5,0,0,2026-08-03,61.0,1,0.61,207.0,0.03113
ORCL,0.18998254,0.15615112,50,28,3,5,1,3,2026-08-03,59.5,1,0.595,138.18,0.06399
PLTR,0.19301478,0.17291982,50,19,14,5,0,0,2026-08-03,59.7,1,0.597,125.07,0.01637
TSLA,0.038173,0.0035808599999999,50,12,12,7,3,0,2026-08-03,51.9,1,0.519,323.59,0.03978
TSM,0.20467144,0.27085466,50,50,0,0,0,0,2026-08-03,60.2,1,0.602,403.61,-0.00158
AAPL,0.12725884,0.0937063799999999,50,8,13,7,4,1,2026-08-04,56.4,1,0.564,306.16,0.00904
ADBE,0.1781328999999999,0.18956118,50,13,4,4,3,0,2026-08-04,58.9,1,0.589,253.61,0.00903
AI,-0.03769434,-0.04460756,50,38,4,4,0,4,2026-08-04,48.1,0,0.481,9.89,0.01593
AMD,0.14691604,0.16553584,50,37,2,2,0,1,2026-08-04,57.3,1,0.573,522.3,0.07771
AMZN,0.2367586199999999,0.2411828999999999,50,19,5,6,0,0,2026-08-04,61.8,1,0.618,277.93,-0.02144
CRM,0.1902,0.17148744,50,17,13,2,0,3,2026-08-04,59.5,1,0.595,189.3,0.01802
GOOGL,0.20879308,0.18023492,50,23,10,5,0,1,2026-08-04,60.4,1,0.604,376.19,0.00718
IBM,0.11544216,0.10244462,50,13,13,7,1,1,2026-08-04,55.8,1,0.558,231.34,0.02223
INTC,0.12459776,0.09200686,50,37,5,3,0,0,2026-08-04,56.2,1,0.562,99.9,0.0978
META,0.1090175799999999,0.1137133,50,32,2,3,1,0,2026-08-04,55.5,1,0.555,583.84,-0.01084
MSFT,0.26049558,0.23275894,50,24,4,7,1,0,2026-08-04,63.0,1,0.63,497.2,0.01958
NVDA,0.23740974,0.25392106,50,24,5,4,1,0,2026-08-04,61.9,1,0.619,210.65,0.01941
ORCL,0.19444908,0.17061392,50,28,7,4,0,3,2026-08-04,59.7,1,0.597,145.65,0.02675
PLTR,0.20630714,0.23980696,50,12,6,3,1,1,2026-08-04,60.3,1,0.603,159.08,0.26606
TSLA,0.0854928,0.06748928,50,13,6,6,4,2,2026-08-04,54.3,1,0.543,325.57,0.01084
TSM,0.2062185399999999,0.2631598,50,50,0,0,0,0,2026-08-04,60.3,1,0.603,416.1,0.0246
AAPL,0.10656998,0.06878384,50,5,11,5,4,3,2026-08-05,55.3,1,0.553,308.39,-0.0032
ADBE,0.14990346,0.16939756,50,14,4,4,3,1,2026-08-05,57.5,1,0.575,255.75,-0.00676
AI,0.03356062,0.06687338,50,27,0,0,0,23,2026-08-05,51.7,1,0.517,9.81,-0.02338
AMD,0.1731139599999999,0.15568746,50,29,6,3,0,0,2026-08-05,58.7,1,0.587,483.1,-0.06842
AMZN,0.20804482,0.1685063,50,21,3,1,0,0,2026-08-05,60.4,1,0.604,273.22,-0.01514
CRM,0.22840906,0.20919796,50,20,13,3,0,2,2026-08-05,61.4,1,0.614,190.53,-0.00241
IBM,0.1275262399999999,0.08537964,50,26,2,5,2,0,2026-08-05,56.4,1,0.564,235.08,-0.0003
INTC,0.19532736,0.20248568,50,37,0,1,0,0,2026-08-05,59.8,1,0.598,100.57,-0.00292
META,0.15238226,0.0417199,50,19,2,2,0,3,2026-08-05,57.6,1,0.576,583.09,-0.00826
MSFT,0.14888752,0.1215072,50,25,7,4,0,6,2026-08-05,57.4,1,0.574,488.3,-0.00914
NVDA,0.20524522,0.13861528,50,29,6,3,0,0,2026-08-05,60.3,1,0.603,219.26,0.03456
ORCL,0.14053576,0.06676096,50,27,5,0,0,0,2026-08-05,57.0,1,0.57,143.93,-0.01245
PLTR,0.23296898,0.11061324,50,15,2,1,0,0,2026-08-05,61.6,1,0.616,159.79,-0.01764
TSLA,0.07376394,0.05549798,50,13,7,7,4,2,2026-08-05,53.7,1,0.537,322.48,-0.01488
TSM,0.17854826,0.0713833,50,33,2,3,0,0,2026-08-05,58.9,1,0.589,415.51,-0.00398
AAPL,0.13137862,0.11792496,50,6,10,5,2,4,2026-08-06,56.6,1,0.566,312.81,0.00582
ADBE,0.12317804,0.14079422,50,16,5,5,3,1,2026-08-06,56.2,1,0.562,257.83,-0.00575
AI,-0.02998306,-0.03225728,50,39,4,4,0,3,2026-08-06,48.5,0,0.485,9.84,-0.00701
AMD,0.0661015,-0.0303141199999999,50,15,8,5,2,0,2026-08-06,53.3,1,0.533,493.03,0.02278
AMZN,0.1686335199999999,0.15970404,50,19,12,4,1,2,2026-08-06,58.4,1,0.584,271.47,-0.00433
CRM,0.20948866,0.16142592,50,22,9,3,1,0,2026-08-06,60.5,1,0.605,185.71,-0.03767
GOOGL,0.11130884,0.0525342199999999,50,24,9,1,2,0,2026-08-06,55.6,1,0.556,357.59,-0.01335
IBM,0.16532482,0.13237558,50,20,9,6,0,2,2026-08-06,58.3,1,0.583,233.52,-0.01018
INTC,0.15348438,0.1705003,50,30,6,3,3,1,2026-08-06,57.7,1,0.577,100.41,-0.00643
META,0.09593816,0.09235832,50,25,1,2,1,3,2026-08-06,54.8,1,0.548,589.59,0.0014
MSFT,0.15775276,0.17485556,50,25,6,4,0,2,2026-08-06,57.9,1,0.579,499.1,0.02388
NVDA,0.21040438,0.2357743,50,23,6,5,2,0,2026-08-06,60.5,1,0.605,220.26,0.00474
ORCL,0.18192206,0.16046208,50,30,9,1,2,1,2026-08-06,59.1,1,0.591,143.89,-0.00346
PLTR,0.22458502,0.2812599,50,16,7,1,2,2,2026-08-06,61.2,1,0.612,156.07,-0.0149
TSLA,0.09086032,0.05197258,50,11,7,7,3,2,2026-08-06,54.5,1,0.545,319.56,-0.00619
TSM,0.1974415799999999,0.24788172,50,50,0,0,0,0,2026-08-06,59.9,1,0.599,419.4,0.01306
AAPL,0.11967208,0.13817208,50,6,11,5,0,6,2026-08-07,56.0,1,0.56,314.37,0.00627
ADBE,0.1270255,0.14263632,50,18,5,5,3,1,2026-08-07,56.4,1,0.564,269.96,0.03735
AI,-0.02954146,-0.0391353,50,40,4,4,0,2,2026-08-07,48.5,0,0.485,10.28,0.04261
AMD,0.1457301,0.1331977,50,17,7,5,2,1,2026-08-07,57.3,1,0.573,476.86,-0.02538
AMZN,0.20103034,0.21563372,50,19,15,4,1,1,2026-08-07,60.1,1,0.601,276.36,0.01504
CRM,0.15478342,0.09413478,50,21,9,6,1,0,2026-08-07,57.7,1,0.577,194.57,0.04176
GOOGL,0.14056902,0.09175328,50,18,11,2,2,1,2026-08-07,57.0,1,0.57,354.82,-0.00819
IBM,0.1583611999999999,0.11907202,50,20,8,5,0,2,2026-08-07,57.9,1,0.579,236.43,0.01285
INTC,0.13735714,0.14928098,50,26,7,4,4,0,2026-08-07,56.9,1,0.569,98.41,-0.01402
META,0.0934,0.07203246,50,17,2,2,1,3,2026-08-07,54.7,1,0.547,596.55,0.01127
MSFT,0.11249154,0.17055838,50,22,2,5,0,3,2026-08-07,55.6,1,0.556,502.9,0.00608
NVDA,0.14888134,0.15635094,50,20,7,6,1,0,2026-08-07,57.4,1,0.574,222.76,0.01722
ORCL,0.16907642,0.14345548,50,29,9,2,2,0,2026-08-07,58.5,1,0.585,144.88,0.00979
PLTR,0.18890078,0.18085512,50,12,8,6,2,1,2026-08-07,59.4,1,0.594,168.89,0.08318
TSLA,0.07786988,0.01677924,50,13,8,12,2,1,2026-08-07,53.9,1,0.539,328.52,0.02814
TSM,0.20805806,0.25440226,50,50,0,0,0,0,2026-08-07,60.4,1,0.604,413.41,-0.01145
AAPL,0.20045362,0.18526614,50,16,21,6,0,0,2026-08-10,60.0,1,0.6,306.6,-0.02148
ADBE,0.16921996,0.1792367399999999,50,18,10,6,0,0,2026-08-10,58.5,1,0.585,270.14,0.01857
AI,-0.0098417599999999,-0.0210088599999999,50,39,5,4,0,2,2026-08-10,49.5,0,0.495,10.31,0.00832
AMD,0.19694412,0.1364230199999999,50,15,23,2,0,0,2026-08-10,59.8,1,0.598,477.46,-0.01221
AMZN,0.1859234199999999,0.19279226,50,29,5,2,0,1,2026-08-10,59.3,1,0.593,277.83,0.01222
CRM,0.20742722,0.1934309599999999,50,15,13,3,0,1,2026-08-10,60.4,1,0.604,195.0,0.01173
GOOGL,0.19775272,0.19376006,50,24,13,2,0,2,2026-08-10,59.9,1,0.599,355.49,0.00336
IBM,0.12631356,0.0903133,50,20,13,3,1,0,2026-08-10,56.3,1,0.563,238.7,0.00598
INTC,0.10818834,0.0840174599999999,50,29,7,1,1,0,2026-08-10,55.4,1,0.554,97.79,-0.03797
META,0.13679802,0.10895152,50,19,5,3,2,1,2026-08-10,56.8,1,0.568,606.01,0.02348
MSFT,0.1807569799999999,0.17137342,50,28,11,3,0,3,2026-08-10,59.0,1,0.59,510.33,0.02068
NVDA,0.2336134399999999,0.21644204,50,32,4,6,0,0,2026-08-10,61.7,1,0.617,220.88,-0.01377
ORCL,0.09635686,0.0419310799999999,50,28,7,4,3,1,2026-08-10,54.8,1,0.548,149.82,0.01908
PLTR,0.19540364,0.21038384,50,17,9,2,1,1,2026-08-10,59.8,1,0.598,179.11,0.04128
TSLA,0.11946568,0.1165686599999999,50,11,10,5,0,0,2026-08-10,56.0,1,0.56,330.98,0.0073
TSM,0.2155260399999999,0.2657461,50,49,1,0,0,0,2026-08-10,60.8,1,0.608,423.4,0.008
AAPL,0.01910536,-0.01750364,50,14,12,4,0,3,2026-08-11,51.0,1,0.51,306.67,-0.00516
ADBE,0.1727366,0.17444292,50,22,7,4,0,0,2026-08-11,58.6,1,0.586,270.03,-0.01073
AI,-0.0116920599999999,-0.02119424,50,39,5,4,0,2,2026-08-11,49.4,0,0.494,10.46,0.00577
AMD,0.1597765599999999,0.1009583199999999,50,9,29,6,0,1,2026-08-11,58.0,1,0.58,468.16,-0.00298
AMZN,0.21711742,0.22137864,50,10,17,3,0,1,2026-08-11,60.9,1,0.609,274.69,-0.01223
CRM,0.1935118599999999,0.20230102,50,21,15,1,0,1,2026-08-11,59.7,1,0.597,199.07,0.00792
GOOGL,0.18995348,0.19267218,50,19,9,8,1,0,2026-08-11,59.5,1,0.595,351.95,-0.01558
IBM,0.1382443,0.06517814,50,21,17,4,1,1,2026-08-11,56.9,1,0.569,241.72,0.02289
INTC,0.09396452,-0.0014254399999999,50,30,8,1,0,0,2026-08-11,54.7,1,0.547,96.93,-0.00605
META,0.16589976,0.14376838,50,23,1,5,3,1,2026-08-11,58.3,1,0.583,610.57,0.02631
MSFT,0.20133318,0.17187132,50,19,17,5,0,1,2026-08-11,60.1,1,0.601,504.0,-0.00407
NVDA,0.24606766,0.2606094399999999,50,27,10,5,1,0,2026-08-11,62.3,1,0.623,218.97,0.00653
ORCL,0.07746582,0.04634314,50,28,4,3,2,2,2026-08-11,53.9,1,0.539,146.06,-0.03304
PLTR,0.17457324,0.1910444,50,21,8,2,0,1,2026-08-11,58.7,1,0.587,177.54,0.01318
TSLA,0.06722306,0.08642436,50,16,5,4,3,2,2026-08-11,53.4,1,0.534,334.85,0.012
TSM,0.2212440399999999,0.26146624,50,49,1,0,0,0,2026-08-11,61.1,1,0.611,422.55,0.00974
AAPL,0.0584125199999999,0.01946608,50,7,15,7,3,3,2026-08-12,52.9,1,0.529,302.73,-0.00713
AMD,0.13087102,0.107113,50,10,32,1,0,0,2026-08-12,56.5,1,0.565,490.9,0.03496
AMZN,0.2000690799999999,0.2000609199999999,50,16,17,3,0,0,2026-08-12,60.0,1,0.6,269.31,-0.01087
GOOGL,0.11219488,0.11518782,50,25,11,2,2,3,2026-08-12,55.6,1,0.556,342.57,-0.00358
AAPL,0.08195134,0.05922312,50,13,12,6,6,0,2026-08-13,54.1,1,0.541,304.81,0.00847
ADBE,0.14153058,0.1308829,50,19,7,4,1,0,2026-08-13,57.1,1,0.571,260.11,0.00526
AI,-0.0112982599999999,-0.01567074,50,39,5,4,0,2,2026-08-13,49.4,0,0.494,9.81,-0.02728
AMD,0.1817989199999999,0.16265928,50,28,7,4,0,1,2026-08-13,59.1,1,0.591,495.17,0.02533
AMZN,0.1688052799999999,0.13474542,50,22,8,9,1,2,2026-08-13,58.4,1,0.584,268.2,0.00346
CRM,0.20639202,0.2016046799999999,50,22,12,3,1,0,2026-08-13,60.3,1,0.603,194.35,0.00533
GOOGL,0.18260964,0.1725146,50,31,7,1,2,0,2026-08-13,59.1,1,0.591,345.81,0.00661
IBM,0.18642052,0.15476994,50,22,11,8,0,3,2026-08-13,59.3,1,0.593,236.88,0.00381
INTC,0.1760912,0.1373087,50,30,4,2,2,0,2026-08-13,58.8,1,0.588,106.17,0.05171
META,0.149434,0.12340458,50,22,4,7,3,1,2026-08-13,57.5,1,0.575,588.96,0.01747
MSFT,0.17300116,0.1733357,50,25,8,4,1,2,2026-08-13,58.7,1,0.587,497.15,0.0096
NVDA,0.25245186,0.26387912,50,29,11,2,3,0,2026-08-13,62.6,1,0.626,224.74,0.00288
ORCL,0.09046798,0.07619908,50,31,4,4,0,1,2026-08-13,54.5,1,0.545,157.62,0.02832
PLTR,0.1804166,0.20621248,50,25,9,0,1,2,2026-08-13,59.0,1,0.59,175.2,0.02432
TSLA,0.05718228,0.06295652,50,7,9,6,9,3,2026-08-13,52.9,1,0.529,333.64,0.01872
TSM,0.2474970199999999,0.30542924,50,49,1,0,0,0,2026-08-13,62.4,1,0.624,434.61,0.01271
AAPL,0.13377886,0.12703814,50,10,10,6,5,0,2026-08-14,56.7,1,0.567,304.79,-0.00154
ADBE,0.14744484,0.1396993,50,19,9,1,1,0,2026-08-14,57.4,1,0.574,262.32,-0.0302
AI,-0.0169548,-0.021789,50,39,5,4,0,2,2026-08-14,49.2,0,0.492,9.99,-0.01817
AMD,0.23577624,0.19987614,50,33,4,1,0,0,2026-08-14,61.8,1,0.618,507.07,0.04982
AMZN,0.16156648,0.16551298,50,22,12,3,2,1,2026-08-14,58.1,1,0.581,264.2,-0.00353
CRM,0.15900386,0.17469622,50,21,9,2,2,0,2026-08-14,58.0,1,0.58,195.64,-0.02846
GOOGL,0.22544156,0.23325858,50,23,10,4,1,1,2026-08-14,61.3,1,0.613,346.26,-0.0003
IBM,0.20740202,0.1726632599999999,50,23,11,6,1,2,2026-08-14,60.4,1,0.604,233.81,-0.01404
INTC,0.1884656999999999,0.13057082,50,28,6,5,3,0,2026-08-14,59.4,1,0.594,105.12,0.0054
META,0.12766586,0.11397732,50,21,3,6,2,2,2026-08-14,56.4,1,0.564,594.34,-0.00106
MSFT,0.15785946,0.1732328,50,25,8,3,2,2,2026-08-14,57.9,1,0.579,498.74,0.00374
NVDA,0.222291,0.21664274,50,27,4,3,2,0,2026-08-14,61.1,1,0.611,226.16,0.00382
ORCL,0.10224244,0.0493791799999999,50,34,5,4,0,0,2026-08-14,55.1,1,0.551,153.19,-0.0194
PLTR,0.19020614,0.21711718,50,22,9,0,1,2,2026-08-14,59.5,1,0.595,176.68,-0.01303
TSLA,0.10707254,0.08907248,50,7,12,7,9,1,2026-08-14,55.4,1,0.554,343.36,0.01
TSM,0.26294252,0.3310367999999999,50,49,1,0,0,0,2026-08-14,63.1,1,0.631,426.49,-0.00929
AAPL,0.11364536,0.1198674999999999,50,15,8,8,2,4,2026-08-17,55.7,1,0.557,304.8,-0.00369
ADBE,0.17231774,0.162358,50,20,10,1,1,0,2026-08-17,58.6,1,0.586,255.94,-0.0306
AI,-0.00508572,-0.0190652199999999,50,39,5,4,0,2,2026-08-17,49.7,0,0.497,9.59,-0.03414
AMD,0.18621606,0.24515158,50,24,9,1,0,0,2026-08-17,59.3,1,0.593,510.7,-0.00717
AMZN,0.1402532199999999,0.14262808,50,21,14,4,1,0,2026-08-17,57.0,1,0.57,261.57,-0.00411
CRM,0.17292926,0.17931626,50,24,10,4,1,0,2026-08-17,58.6,1,0.586,191.84,-0.02227
GOOGL,0.17542092,0.1933766599999999,50,23,14,3,0,0,2026-08-17,58.8,1,0.588,344.15,-0.00507
IBM,0.11840032,0.0815043,50,20,13,2,1,4,2026-08-17,55.9,1,0.559,230.92,-0.01451
INTC,0.15436352,0.1054311,50,25,14,3,1,0,2026-08-17,57.7,1,0.577,102.98,0.00469
META,0.1240206399999999,0.13419678,50,20,9,6,0,2,2026-08-17,56.2,1,0.562,579.02,-0.01837
MSFT,0.18942414,0.16344204,50,26,12,4,1,0,2026-08-17,59.5,1,0.595,484.72,-0.02156
NVDA,0.21963248,0.229643,50,23,12,5,1,0,2026-08-17,61.0,1,0.61,225.56,0.00178
ORCL,0.08235966,0.02829152,50,35,6,3,1,0,2026-08-17,54.1,1,0.541,146.52,-0.02654
PLTR,0.1954836999999999,0.1643910199999999,50,25,8,4,0,0,2026-08-17,59.8,1,0.598,174.75,0.00408
TSLA,0.0812386399999999,0.09090222,50,15,13,9,2,0,2026-08-17,54.1,1,0.541,339.4,-0.00837
TSM,0.28108342,0.33559826,50,49,1,0,0,0,2026-08-17,64.1,1,0.641,427.22,0.00204
AAPL,0.13438614,0.1237738,50,18,4,3,3,5,2026-08-18,56.7,1,0.567,309.57,0.01188
ADBE,0.09995652,0.09915706,50,17,11,2,1,1,2026-08-18,55.0,1,0.55,264.89,0.0033
AI,-0.0079756199999999,-0.01601462,50,39,5,4,0,2,2026-08-18,49.6,0,0.496,9.64,-0.0292
AMD,0.22397216,0.22751982,50,28,6,0,0,2,2026-08-18,61.2,1,0.612,480.35,-0.06618
AMZN,0.2084562,0.2263275,50,29,7,2,1,1,2026-08-18,60.4,1,0.604,260.11,-0.00967
CRM,0.17438082,0.1955702399999999,50,21,7,8,0,0,2026-08-18,58.7,1,0.587,196.85,0.00324
GOOGL,0.15611718,0.1713049,50,30,5,2,0,2,2026-08-18,57.8,1,0.578,343.15,-0.00795
IBM,0.13675044,0.09275006,50,21,13,5,0,4,2026-08-18,56.8,1,0.568,232.4,-0.00817
INTC,0.1412945,0.1221897,50,21,15,2,1,0,2026-08-18,57.1,1,0.571,96.88,-0.05479
META,0.07516296,0.0160294,50,16,11,9,1,1,2026-08-18,53.8,1,0.538,547.77,-0.07135
MSFT,0.08294356,0.07855632,50,37,3,0,0,2,2026-08-18,54.1,1,0.541,482.25,-0.02654
NVDA,0.22379248,0.22211018,50,25,7,2,0,2,2026-08-18,61.2,1,0.612,219.4,-0.02556
ORCL,0.07209866,0.0382241799999999,50,34,3,2,0,4,2026-08-18,53.6,1,0.536,144.58,-0.03946
PLTR,0.17504632,0.1133780799999999,50,24,9,5,1,0,2026-08-18,58.8,1,0.588,173.3,-0.00425
TSLA,0.13839918,0.11206692,50,11,16,10,1,1,2026-08-18,56.9,1,0.569,336.73,-0.0162
TSM,0.27669038,0.34306288,50,48,1,0,0,0,2026-08-18,63.8,1,0.638,414.72,-0.02728
AAPL,0.15663676,0.1942658,50,13,5,5,5,0,2026-08-19,57.8,1,0.578,316.75,0.02168
ADBE,0.12430676,0.1294554,50,16,10,2,0,2,2026-08-19,56.2,1,0.562,270.72,0.02881
AI,-0.0091855599999999,-0.01852768,50,39,5,4,0,2,2026-08-19,49.5,0,0.495,9.85,-0.00203
AMD,0.13800272,0.12750448,50,25,6,8,0,1,2026-08-19,56.9,1,0.569,466.33,-0.03729
AMZN,0.1578161599999999,0.12597254,50,12,17,10,0,0,2026-08-19,57.9,1,0.579,261.25,0.00694
CRM,0.22669662,0.23539432,50,20,7,5,1,1,2026-08-19,61.3,1,0.613,202.32,0.03148
GOOGL,0.21366118,0.1985285199999999,50,16,8,3,0,0,2026-08-19,60.7,1,0.607,343.49,-0.00206
IBM,0.13798468,0.08728134,50,21,10,7,0,3,2026-08-19,56.9,1,0.569,237.31,0.01993
INTC,0.15708186,0.0969154,50,3,24,12,0,0,2026-08-19,57.9,1,0.579,92.24,-0.04602
META,0.02958762,-0.06386932,50,15,2,6,1,4,2026-08-19,51.5,1,0.515,546.59,0.00537
MSFT,0.19947848,0.2053311,50,16,12,7,1,0,2026-08-19,60.0,1,0.6,484.06,0.00505
NVDA,0.15764728,0.1028980199999999,50,24,9,4,2,1,2026-08-19,57.9,1,0.579,217.24,-0.01138
ORCL,0.18733142,0.12159764,50,5,19,17,0,0,2026-08-19,59.4,1,0.594,139.02,-0.02637
PLTR,0.14598608,0.1045890799999999,50,18,9,5,1,1,2026-08-19,57.3,1,0.573,172.1,0.00324
TSLA,0.10865054,0.05883968,50,14,15,4,2,1,2026-08-19,55.4,1,0.554,339.69,0.00837
TSM,0.26183268,0.33247838,50,48,1,0,0,0,2026-08-19,63.1,1,0.631,410.28,-0.00757
AAPL,0.17072814,0.20238002,50,13,12,8,3,1,2026-08-20,58.5,1,0.585,316.7,-0.00039
ADBE,0.13109808,0.12398574,50,18,7,3,0,2,2026-08-20,56.6,1,0.566,270.21,-0.00829
AI,-0.0104412399999999,-0.01772674,50,40,4,4,0,2,2026-08-20,49.5,0,0.495,10.08,-0.0289
AMD,0.15243396,0.13968188,50,29,6,7,0,1,2026-08-20,57.6,1,0.576,469.8,0.00725
AMZN,0.16017236,0.17608388,50,24,9,3,0,2,2026-08-20,58.0,1,0.58,261.59,-0.01599
CRM,0.2039498199999999,0.23335162,50,28,6,1,1,2,2026-08-20,60.2,1,0.602,205.16,-0.00451
GOOGL,0.1454387,0.15048712,50,31,7,1,1,0,2026-08-20,57.3,1,0.573,341.66,-0.00888
IBM,0.18509324,0.14953602,50,23,4,8,0,2,2026-08-20,59.3,1,0.593,235.0,-0.00911
INTC,0.13857194,0.1189239199999999,50,12,14,7,2,1,2026-08-20,56.9,1,0.569,91.27,-0.01654
META,0.07166196,0.0147632599999999,50,14,3,6,1,3,2026-08-20,53.6,1,0.536,544.78,-0.00229
MSFT,0.17108676,0.16660526,50,26,11,6,1,0,2026-08-20,58.6,1,0.586,482.57,-0.00359
NVDA,0.12457778,0.12385164,50,13,14,6,0,0,2026-08-20,56.2,1,0.562,217.37,-0.0009
ORCL,0.1654268,0.1032168,50,1,24,14,0,0,2026-08-20,58.3,1,0.583,142.47,-0.00932
PLTR,0.14325398,0.1341435,50,18,7,7,2,1,2026-08-20,57.2,1,0.572,174.79,-0.00227
TSLA,0.09149532,0.01598892,50,11,13,2,2,0,2026-08-20,54.6,1,0.546,342.0,-0.02597
TSM,0.25599262,0.32599084,50,48,1,0,0,0,2026-08-20,62.8,1,0.628,416.11,0.00976
AAPL,0.06653814,0.0569193199999999,50,19,9,7,0,2,2026-08-21,53.3,1,0.533,307.78,-0.01131
ADBE,0.1974244399999999,0.18740458,50,27,5,1,0,1,2026-08-21,59.9,1,0.599,,
AI,-0.01058806,-0.0185483,50,40,4,4,0,2,2026-08-21,49.5,0,0.495,10.34,0.00291
AMD,0.1471086,0.1285603599999999,50,28,9,0,0,0,2026-08-21,57.4,1,0.574,465.7,-0.00802
AMZN,0.1037594,0.1168518999999999,50,20,10,3,3,1,2026-08-21,55.2,1,0.552,259.58,-0.00204
CRM,0.2199960799999999,0.24611218,50,32,6,2,0,2,2026-08-21,61.0,1,0.61,207.54,0.01027
GOOGL,0.09233282,0.12433678,50,21,11,5,1,2,2026-08-21,54.6,1,0.546,342.76,0.00612
IBM,0.19508176,0.16690246,50,21,7,5,0,2,2026-08-21,59.8,1,0.598,234.85,0.00496
INTC,0.1407743,0.13438636,50,20,9,4,2,1,2026-08-21,57.0,1,0.57,90.46,-0.01813
META,0.05310386,0.00993138,50,17,7,3,1,2,2026-08-21,52.7,1,0.527,549.71,0.00711
MSFT,0.16111726,0.1617945999999999,50,22,12,5,0,2,2026-08-21,58.1,1,0.581,482.93,0.00371
NVDA,0.19621406,0.1976038399999999,50,20,15,10,0,0,2026-08-21,59.8,1,0.598,215.32,-0.00706
ORCL,0.17482556,0.10142498,50,2,16,21,0,0,2026-08-21,58.7,1,0.587,145.21,0.0221
PLTR,0.11847476,0.12783722,50,18,7,8,3,1,2026-08-21,55.9,1,0.559,173.59,-0.00213
TSLA,0.05616962,-0.05977062,50,15,9,6,2,1,2026-08-21,52.8,1,0.528,356.69,0.03349
TSM,0.2416871,0.30593528,50,47,2,0,0,0,2026-08-21,62.1,1,0.621,418.92,0.00703
AAPL,0.15872034,0.15052756,50,19,8,6,0,2,2026-08-24,57.9,1,0.579,312.75,0.01098
ADBE,0.19843244,0.18144496,50,27,4,2,1,1,2026-08-24,59.9,1,0.599,276.97,0.00607
AI,-0.01546872,-0.0233589999999999,50,40,4,4,0,2,2026-08-24,49.2,0,0.492,10.26,-0.00388
AMD,0.13265246,0.19264336,50,17,22,2,0,1,2026-08-24,56.6,1,0.566,455.75,-0.03698
AMZN,0.1779790399999999,0.1877210799999999,50,26,12,2,0,2,2026-08-24,58.9,1,0.589,261.36,0.01056
CRM,0.2436539,0.29478792,50,16,14,7,0,0,2026-08-24,62.2,1,0.622,211.41,0.01071
GOOGL,0.14107786,0.14830712,50,23,12,3,1,1,2026-08-24,57.1,1,0.571,348.69,0.01122
IBM,0.155363,0.1278737399999999,50,17,13,5,0,0,2026-08-24,57.8,1,0.578,231.73,-0.01677
INTC,0.1101675799999999,0.0746273599999999,50,25,8,5,2,0,2026-08-24,55.5,1,0.555,85.86,-0.04674
META,0.07651908,0.03178758,50,22,7,2,2,5,2026-08-24,53.8,1,0.538,552.21,0.0042
MSFT,0.13745632,0.12091288,50,19,6,8,3,2,2026-08-24,56.9,1,0.569,485.62,0.00493
NVDA,0.16497882,0.14952502,50,22,13,5,0,0,2026-08-24,58.2,1,0.582,209.29,-0.02527
ORCL,0.16433526,0.08408652,50,3,20,15,0,1,2026-08-24,58.2,1,0.582,142.21,-0.02905
PLTR,0.13589722,0.1515565999999999,50,18,8,8,2,1,2026-08-24,56.8,1,0.568,173.56,-0.03546
TSLA,0.13130528,0.09569292,50,14,8,5,5,1,2026-08-24,56.6,1,0.566,354.48,-0.02311
TSM,0.2265646399999999,0.29120106,50,47,2,0,0,0,2026-08-24,61.3,1,0.613,407.11,-0.02827
AAPL,0.13051924,0.17353944,50,25,4,2,0,2,2026-08-25,56.5,1,0.565,310.63,0.00093
ADBE,0.19158074,0.18724148,50,28,4,2,1,1,2026-08-25,59.6,1,0.596,272.33,-0.01426
AI,-0.02128178,-0.02588696,50,40,4,4,0,2,2026-08-25,48.9,0,0.489,9.98,-0.01236
AMD,0.0534224599999999,0.09218672,50,28,15,2,2,0,2026-08-25,52.7,1,0.527,472.12,0.03365
AMZN,0.21616048,0.2437685,50,28,7,2,0,0,2026-08-25,60.8,1,0.608,261.04,-0.00393
CRM,0.2069465,0.24530518,50,19,8,9,0,1,2026-08-25,60.3,1,0.603,207.65,-0.00677
GOOGL,0.1520586,0.15158376,50,28,5,1,1,1,2026-08-25,57.6,1,0.576,346.57,-0.00428
IBM,0.15466164,0.13726328,50,15,12,6,0,0,2026-08-25,57.7,1,0.577,232.23,0.00513
INTC,0.06030634,0.02362558,50,23,14,5,1,0,2026-08-25,53.0,1,0.53,88.27,0.01153
META,0.04685176,0.02445624,50,21,7,2,3,6,2026-08-25,52.3,1,0.523,563.24,0.00755
MSFT,0.14807824,0.13433694,50,29,6,1,1,1,2026-08-25,57.4,1,0.574,487.92,0.00126
NVDA,0.1347251,0.1545495399999999,50,23,10,3,2,0,2026-08-25,56.7,1,0.567,211.65,0.01518
ORCL,0.13160726,0.07031294,50,10,18,10,0,1,2026-08-25,56.6,1,0.566,144.96,0.01762
PLTR,0.1400285399999999,0.1257203,50,16,8,7,1,0,2026-08-25,57.0,1,0.57,174.72,-0.00665
TSLA,0.07670798,0.04375004,50,11,9,6,4,0,2026-08-25,53.8,1,0.538,351.23,0.00653
TSM,0.21514468,0.27450402,50,48,1,0,0,0,2026-08-25,60.8,1,0.608,414.71,0.01119
AAPL,0.1796321199999999,0.19166966,50,29,4,0,2,4,2026-08-26,59.0,1,0.59,311.73,0.00589
ADBE,0.17556466,0.18307214,50,29,4,2,1,1,2026-08-26,58.8,1,0.588,270.93,-0.01092
AI,-0.01977412,-0.03269142,50,40,4,4,0,2,2026-08-26,49.0,0,0.49,9.64,-0.01532
AMD,0.21382776,0.22953388,50,28,12,0,1,1,2026-08-26,60.7,1,0.607,483.91,0.00987
AMZN,0.11821386,0.08450644,50,17,6,3,0,0,2026-08-26,55.9,1,0.559,259.03,-0.00778
CRM,0.18005584,0.16088988,50,26,9,4,0,1,2026-08-26,59.0,1,0.59,203.65,-0.00994
GOOGL,0.2236383199999999,0.18074106,50,23,4,0,0,0,2026-08-26,61.2,1,0.612,342.37,-0.01323
IBM,0.17313412,0.15461892,50,20,10,6,0,0,2026-08-26,58.7,1,0.587,229.7,-0.01917
INTC,0.11526032,0.09337738,50,28,14,1,0,0,2026-08-26,55.8,1,0.558,85.86,-0.01852
META,0.06928502,0.0709743,50,20,6,1,4,4,2026-08-26,53.5,1,0.535,573.85,0.00667
MSFT,0.14766544,0.12770064,50,16,6,2,0,0,2026-08-26,57.4,1,0.574,493.92,0.00449
NVDA,0.18082234,0.17791002,50,27,7,3,0,1,2026-08-26,59.0,1,0.59,210.55,-0.01175
ORCL,0.13677372,0.1115844199999999,50,19,10,6,0,1,2026-08-26,56.8,1,0.568,147.77,0.02079
PLTR,0.1508647,0.11979386,50,17,7,6,0,0,2026-08-26,57.5,1,0.575,176.05,0.01925
TSLA,0.1065363999999999,0.08845738,50,10,6,8,4,0,2026-08-26,55.3,1,0.553,346.46,-0.01081
TSM,0.2194726599999999,0.28404446,50,48,1,0,0,0,2026-08-26,61.0,1,0.61,416.27,-0.00272
AAPL,0.21207486,0.20871132,50,31,4,0,2,4,2026-08-27,60.6,1,0.606,314.58,0.0036
ADBE,0.1659443,0.16923684,50,29,4,2,2,1,2026-08-27,58.3,1,0.583,289.15,0.05734
AI,-0.0214729,-0.02928944,50,40,4,4,0,2,2026-08-27,48.9,0,0.489,10.33,0.06495
AMD,0.2496095,0.24656034,50,33,6,1,1,1,2026-08-27,62.5,1,0.625,476.67,-0.00886
AMZN,0.12561054,0.0909159,50,16,5,3,0,0,2026-08-27,56.3,1,0.563,256.26,-0.01544
CRM,0.17274756,0.15618468,50,26,10,4,0,1,2026-08-27,58.6,1,0.586,252.05,0.2258
GOOGL,0.18812638,0.13390716,50,21,3,0,0,0,2026-08-27,59.4,1,0.594,340.65,-0.00395
IBM,0.18933208,0.1785407,50,21,10,6,0,0,2026-08-27,59.5,1,0.595,238.79,0.0388
INTC,0.13737498,0.10062336,50,28,14,1,0,0,2026-08-27,56.9,1,0.569,92.09,0.04363
META,0.0931222599999999,0.10644104,50,23,6,0,4,3,2026-08-27,54.7,1,0.547,571.1,-0.00875
MSFT,0.15829646,0.11403668,50,18,7,0,0,0,2026-08-27,57.9,1,0.579,505.06,0.01751
NVDA,0.18618988,0.1717357,50,30,6,3,0,1,2026-08-27,59.3,1,0.593,227.98,0.08738
ORCL,0.13708106,0.11522842,50,20,9,4,0,1,2026-08-27,56.9,1,0.569,151.94,0.02062
PLTR,0.14727338,0.12431834,50,18,7,6,0,0,2026-08-27,57.4,1,0.574,185.93,0.04749
TSLA,0.111874,0.0838273599999999,50,10,6,8,5,0,2026-08-27,55.6,1,0.556,354.81,0.026
TSM,0.22081692,0.28222548,50,48,1,0,0,0,2026-08-27,61.0,1,0.61,427.3,0.02301
AAPL,0.21743306,0.20691004,50,29,4,0,2,4,2026-08-28,60.9,1,0.609,319.7,0.01628
ADBE,0.1641346,0.1717457,50,30,4,1,2,1,2026-08-28,58.2,1,0.582,291.52,0.0082
AI,-0.0167487399999999,-0.03483756,50,40,4,4,0,2,2026-08-28,49.2,0,0.492,10.53,0.01936
AMD,0.24007386,0.2301561399999999,50,30,9,2,0,1,2026-08-28,62.0,1,0.62,465.58,-0.02327
AMZN,0.1350682,0.09033292,50,15,6,3,0,0,2026-08-28,56.8,1,0.568,266.43,0.03969
CRM,0.174139,0.1611874999999999,50,26,11,4,0,1,2026-08-28,58.7,1,0.587,256.0,0.01567
GOOGL,0.1865090999999999,0.13470214,50,21,3,0,0,0,2026-08-28,59.3,1,0.593,346.59,0.01744
IBM,0.19686718,0.18034192,50,19,11,6,0,0,2026-08-28,59.8,1,0.598,235.59,-0.0134
INTC,0.13630878,0.10986872,50,26,15,1,0,0,2026-08-28,56.8,1,0.568,89.47,-0.02845
META,0.10119908,0.11014064,50,23,6,0,4,2,2026-08-28,55.1,1,0.551,578.02,0.01212
MSFT,0.17153102,0.1221416,50,17,8,0,0,0,2026-08-28,58.6,1,0.586,513.53,0.01677
NVDA,0.16955552,0.16439362,50,24,7,6,0,1,2026-08-28,58.5,1,0.585,217.55,-0.04575
ORCL,0.13660898,0.11330906,50,20,9,4,0,1,2026-08-28,56.8,1,0.568,150.85,-0.00717
PLTR,0.14945094,0.12573814,50,18,7,6,0,0,2026-08-28,57.5,1,0.575,186.29,0.00194
TSLA,0.12552094,0.10062654,50,9,7,8,5,0,2026-08-28,56.3,1,0.563,348.75,-0.01708
TSM,0.22104406,0.2798891,50,48,1,0,0,0,2026-08-28,61.1,1,0.611,417.52,-0.02289
AAPL,0.21513284,0.19517494,50,23,5,1,2,5,2026-08-31,60.8,1,0.608,316.26,
ADBE,0.1697297199999999,0.18058696,50,27,4,1,2,1,2026-08-31,58.5,1,0.585,293.76,
AI,-0.02530062,-0.02995506,50,40,4,4,0,2,2026-08-31,48.7,0,0.487,10.85,
AMD,0.2149123,0.19704966,50,19,16,9,0,1,2026-08-31,60.7,1,0.607,469.38,
AMZN,0.15528428,0.1140100999999999,50,25,7,2,0,0,2026-08-31,57.8,1,0.578,259.21,
CRM,0.17652728,0.17243276,50,26,10,2,0,0,2026-08-31,58.8,1,0.588,259.36,0.01314
GOOGL,0.1759706599999999,0.15303916,50,19,4,2,1,0,2026-08-31,58.8,1,0.588,338.98,
IBM,0.17977174,0.17327548,50,18,14,5,0,0,2026-08-31,59.0,1,0.59,235.47,-0.00051
INTC,0.14574236,0.1182028599999999,50,26,15,1,0,0,2026-08-31,57.3,1,0.573,89.75,
META,0.1178100399999999,0.14022446,50,16,9,1,5,2,2026-08-31,55.9,1,0.559,572.72,
MSFT,0.1493734199999999,0.0945635,50,25,9,0,0,1,2026-08-31,57.5,1,0.575,509.93,
NVDA,0.21963358,0.24070052,50,24,8,5,0,1,2026-08-31,61.0,1,0.61,219.98,
ORCL,0.1423842,0.13268704,50,22,9,4,0,1,2026-08-31,57.1,1,0.571,150.09,
PLTR,0.1500526,0.12792408,50,18,7,6,0,0,2026-08-31,57.5,1,0.575,186.8,
TSLA,0.16323142,0.12662286,50,15,8,5,4,0,2026-08-31,58.2,1,0.582,366.34,
TSM,0.22203478,0.28261928,50,48,1,0,0,0,2026-08-31,61.1,1,0.611,414.89,
AAPL,0.18351086,0.18894148000000002,50,18,4,6,2,3,2026-09-01,59.2,1,0.592,324.69,0.02473
ADBE,0.17451434,0.17619804000000003,50,28,4,1,1,1,2026-09-01,58.7,1,0.587,288.55,-0.0145
AI,-0.01720958,-0.03228742,50,40,4,4,0,2,2026-09-01,49.1,0,0.491,10.3,-0.04852
AMD,0.14903752,0.1644763,50,17,19,8,0,3,2026-09-01,57.5,1,0.575,457.09,-0.02896
AMZN,0.18702942,0.17225714,50,22,8,4,0,6,2026-09-01,59.4,1,0.594,254.42,-0.02061
CRM,0.18575869999999997,0.19229812,50,22,10,2,0,0,2026-09-01,59.3,1,0.593,257.64,0.00039
GOOGL,0.15170486,0.12378016,50,22,6,2,2,0,2026-09-01,57.6,1,0.576,335.17,-0.01232
IBM,0.17911581999999998,0.17277166000000002,50,16,16,5,0,0,2026-09-01,59.0,1,0.59,230.99,-0.01229
INTC,0.1396175,0.13995868,50,27,13,2,0,0,2026-09-01,57.0,1,0.57,88.78,-0.00816
META,0.1238739,0.14174814,50,16,9,2,4,1,2026-09-01,56.2,1,0.562,580.17,0.01368
MSFT,0.18976556,0.13687978,50,27,9,5,0,1,2026-09-01,59.5,1,0.595,500.9,-0.01259
NVDA,0.13957464,0.08174274000000001,50,24,13,6,0,0,2026-09-01,57.0,1,0.57,218.37,-0.01092
ORCL,0.13957772000000002,0.12497896000000001,50,23,9,2,0,1,2026-09-01,57.0,1,0.57,141.0,-0.05445
PLTR,0.14751188,0.12108712,50,19,7,5,0,0,2026-09-01,57.4,1,0.574,182.54,-0.0206
TSLA,0.16031631999999998,0.12658944,50,15,8,7,4,1,2026-09-01,58.0,1,0.58,357.3,-0.02893
TSM,0.2214188,0.2866302,50,48,1,0,0,0,2026-09-01,61.1,1,0.611,413.86,-0.00353
